indicator,signals,count,seen_in,example_clue
in,insertion,28,20260630-2D; 20260630-7D; 20260704-16A; 20260704-29A; 20260706-1D,Wind getting up in film of the ocean
in,link,14,20260702-10A; 20260702-1A; 20260707-1D; 20260713-19A; 20260714-16D,Tie in school ultimately non-negotiable
for,link,12,20260630-25A; 20260630-5D; 20260704-24D; 20260707-24A; 20260710-12A,Nothing for you in marriage — it causes tears
on,link,11,20260707-11D; 20260710-10A; 20260711-19A; 20260715-18D; 20260716-24A,Deprived character of duck meat on bread roll
and,link,10,20260704-4A; 20260707-3D; 20260707-6D; 20260711-2D; 20260713-7D,I’m tops — and I’m suffering positivity?
about,container,7,20260707-8D; 20260715-15D; 20260715-19A; 20260715-9A; 20260716-2D,"Essential fact about English team, Reading perhaps"
around,container,5,20260629-1A; 20260706-9A; 20260715-17A; 20260715-24A; 20260716-21D,"Around noon, day before, say Black Prince danced with her"
after,link,4,20260704-14A; 20260717-18A; 20260718-19D; 20260720-23A,Not entirely well after reverse of healthy snack
almost,deletion,4,20260630-16D; 20260701-18A; 20260706-3A; 20260715-18D,Retired chap and ex-PM almost go to war
during,insertion,4,20260710-21D; 20260711-11A; 20260714-3D; 20260718-25A,Helping served up during pub’s spicy meal
finally,selection,4,20260713-2D; 20260715-21A; 20260716-8D; 20260718-20A,"Airline finally can advance, having secured one place for aircraft"
outside,container,4,20260704-13A; 20260707-12A; 20260720-1D; 20260721-4A,Misuse needles right outside former church
regularly,selection,4,20260629-18D; 20260630-5D; 20260713-7D; 20260718-6D,"US writer, dear, popular, regularly wears silk"
taking,insertion,4,20260706-25A; 20260710-2D; 20260711-23A; 20260714-6A,Paint holy man taking Mass
upset,reversal,4,20260710-5D; 20260711-8D; 20260715-4D; 20260721-21D,Estate possibly blocking two thirds of Midland city upset intimidating figure in his field?
blocking,insertion,3,20260703-17D; 20260710-5D; 20260715-5D,Car missing rear end blocking road over a Welsh river
cuts,insertion,3,20260629-9A; 20260701-3D; 20260703-22D,Family snatch cold cuts and seafood
ending in,selection,3,20260706-26A; 20260706-7D; 20260720-5D,"Decline, for example, going into retreat ending in terrible cost"
extremely,selection,3,20260630-24D; 20260713-1A; 20260714-27A,Extremely “biddable” nationalist turned out to be corrupt
first,selection,3,20260710-12A; 20260720-1A; 20260721-14A,Fall with Valerie for Singleton’s first procession
leaving,deletion,3,20260703-11A; 20260717-2D; 20260718-23D,"Dad, mature, with wife leaving Chicago?"
losing,deletion,3,20260704-7D; 20260715-2D; 20260718-14D,What’s between programmes of Biden and Trump initially losing billions
middle of,selection,3,20260706-12A; 20260706-2D; 20260716-23D,"Cleanser in middle of kitchen getting on with stuff, filled with energy"
mostly,deletion,3,20260714-6D; 20260716-26A; 20260721-20D,Red meat course mostly terrible
over,link,3,20260703-17D; 20260706-1D; 20260716-1D,Car missing rear end blocking road over a Welsh river
periodically,selection,3,20260629-8D; 20260703-13A; 20260713-13A,Expose US Navy periodically spinning untruth
short,deletion,3,20260630-18D; 20260711-23A; 20260717-18A,Short people collectively bolstered by current swimsuit style
terrible,anagram,3,20260706-15D; 20260714-27A; 20260714-6D,"Not even unusual urge stops terrible liar, traitor ultimately"
turning,reversal,3,20260706-21A; 20260707-22A; 20260717-17A,"Shock assistant, turning against crony"
up,reversal,3,20260714-7D; 20260716-1D; 20260717-16D,Islander from Lindisfarne set laminator up
with,link,3,20260703-6D; 20260711-14D; 20260717-21A,Restrict man’s starting blocks with pistol and stopwatch possibly
working,anagram,3,20260629-26A; 20260710-23A; 20260718-16A,Clumsy article penned by dad — check working
about,reversal,2,20260710-17A; 20260715-25A,Feel embarrassed somewhat about scrap
about,anagram,2,20260713-1A; 20260721-10A,Extremely crafty quintet brags about disreputable online activity
back,reversal,2,20260701-28A; 20260716-20A,Artist’s back pay for services rendered
base,anagram,2,20260701-7D; 20260717-19A,Break tile under base
before,link,2,20260701-21A; 20260717-23D,Brief stint to improve football club before unlimited team growth
behind,link,2,20260711-25A; 20260716-25A,Column left behind regrouped at speed
broadcast,homophone,2,20260704-25A; 20260713-23A,Broadcast before broadcast
by,link,2,20260701-16A; 20260704-27A,"Risky undertaking, coming by river"
careers,anagram,2,20260701-12A; 20260702-6D,Protracted campaigns can now polarise careers
centre of,selection,2,20260630-3D; 20260714-11A,Place to stay in centre of Medellin
checking,container,2,20260701-27A; 20260717-14D,Weapons companies checking defaced equipment
close to,selection,2,20260707-10A; 20260720-16D,Borders crossing close to free French city
complex,anagram,2,20260713-26A; 20260717-18D,Open super-large complex useful for many things
covering,container,2,20260629-20A; 20260716-17D,"More depressed, with nasty grime covering lavatory"
covers,container,2,20260702-12A; 20260716-8D,Employed outside job fair displaying seat covers
curtailed,deletion,2,20260710-9A; 20260714-23A,Trick question curtailed win
embraces,container,2,20260629-6D; 20260720-23A,Valiant maiden shortly embraces warrior king
empty,selection,2,20260630-13A; 20260714-24A,Cross dons can rapidly empty chat room
filled with,insertion,2,20260706-12A; 20260707-11A,"Cleanser in middle of kitchen getting on with stuff, filled with energy"
head of,selection,2,20260704-29A; 20260713-10A,Head of enterprise in record temper
hollow,deletion,2,20260702-19A; 20260720-24D,Vegetables once known as “hollow potatoes”
in,hidden,2,20260630-9A; 20260706-27A,"In Kabul, are Taliban retreating on both sides?"
initially,selection,2,20260630-4D; 20260704-7D,Old man scowls after initially referencing <i>Chambers</i>
last,selection,2,20260711-10A; 20260716-12A,Ramshackle home will not last for tenancy
missing,deletion,2,20260716-12A; 20260716-28A,"School music award missing year, a choir’s last"
naked,deletion,2,20260630-17A; 20260710-13A,Skips about naked in motor home
not,deletion,2,20260720-9D; 20260721-19D,"For luxury dining, cook baked beans first, not second"
parts,container,2,20260701-26A; 20260702-24A,Grass company really cutting back parts obtained from waste
put up,reversal,2,20260701-8D; 20260702-5D,New sign put up when Santa comes
receiving,insertion,2,20260706-18A; 20260713-6D,European with jolly temper receiving love periodically
retiring,reversal,2,20260701-4A; 20260706-9A,Vulgar scheme involves English bishop that is retiring
south of,link,2,20260717-12D; 20260721-2D,Estate managers cut cereal crops south of river
spinning,reversal,2,20260629-8D; 20260711-21D,Expose US Navy periodically spinning untruth
stops,insertion,2,20260706-15D; 20260715-7D,"Not even unusual urge stops terrible liar, traitor ultimately"
ultimately,selection,2,20260702-1A; 20260706-15D,Tie in school ultimately non-negotiable
when drunk,anagram,2,20260707-15A; 20260714-16D,Curry perhaps one Kelvin creates when drunk
without,deletion,2,20260630-15A; 20260720-28A,Eloquent Roman commander-in-chief meeting hero without aspiration
+,link,1,20260718-27A,N + L – F? Neat
a little,hidden,1,20260711-26A,A little variation in level reflected warming at sea
abandoned,anagram,1,20260710-1A,"Abandoned, of course I will be wild"
abandoned by,deletion,1,20260701-23D,Pointer litter abandoned by female
aboard,insertion,1,20260715-4D,More than half of soccer team aboard vehicle upset left-winger
about,insertion,1,20260701-11A,Turner and others reflecting about what gets him going
above,link,1,20260721-20D,Special sandals mostly elevated above air
abysmal,anagram,1,20260720-5D,Charity officer’s abysmal morale ending in depression
adopting,insertion,1,20260717-9D,An old woman adopting stuck-up air of cultivation
after losing leader,deletion,1,20260721-3D,Fold Labour group after losing leader
against,link,1,20260706-21A,"Shock assistant, turning against crony"
almost entirely,deletion,1,20260703-25A,Almost entirely like <i>Wyrd Sister</i>’s mix of meaty morsels
around,insertion,1,20260718-28A,Shouting around old wife visibly ageing
as,link,1,20260718-2D,What comforts party perhaps as following disappears
at first,selection,1,20260702-26A,"Two girls, terrible enemies at first, are a perfect fit for each other"
at last,selection,1,20260701-1A,"At last, floor space charge generates profit"
at sea,anagram,1,20260721-18A,"Bird, cosy chatterer at sea"
at the end,selection,1,20260713-14D,Artist’s work wins top prize at the end
audible,homophone,1,20260703-18A,"Knock, making audible sound"
avoiding,deletion,1,20260707-7A,Female domestic avoiding male helper
awful,anagram,1,20260701-10A,Awful slurs — I vow this will eventually plague host
badly,anagram,1,20260706-10D,"Crafty chap, evil animal, badly wanting power"
beginning of,selection,1,20260720-18D,"Thanks boyfriend, introducing beginning of love scene"
being,link,1,20260710-28A,"Fail ’eavily, being a mug"
beneath,link,1,20260711-22D,Shower beneath grand timber structure
beset by,insertion,1,20260707-5D,Terriers beset by obsessive behaviour in four pairs?
between,link,1,20260706-22A,Piety in turn followed by rows between daughter and son
binding,container,1,20260706-14A,Superb quality in publication with good binding provided by New Church
blankets,container,1,20260630-22A,"Easily touched, offer last of our warm blankets"
blasted,anagram,1,20260703-9A,Maureen blasted romantic mag showing personal letters
blocks,insertion,1,20260703-6D,Restrict man’s starting blocks with pistol and stopwatch possibly
boards,insertion,1,20260717-22A,Energy boards beat regulator and arbitrator
bolstered by,link,1,20260630-18D,Short people collectively bolstered by current swimsuit style
bottles,container,1,20260707-16D,Some exudation? Cap damaged mescal bottles
bottom to top,anagram,1,20260715-6D,"Boy with arrows climbed, bottom to top"
boxing,hidden,1,20260707-23D,Admirer unveils boxing show aired again
boxing,insertion,1,20260714-2D,Language once used in a northern boxing match
breaking,insertion,1,20260714-9A,Mike Pence breaking law in disorder
breaking into,insertion,1,20260716-1A,Ranting crowd in turn succeeded breaking into club
breaks,insertion,1,20260702-1D,Astounded work supported kinky sex breaks
brief,deletion,1,20260701-21A,Brief stint to improve football club before unlimited team growth
bringing forward last,anagram,1,20260704-28A,Inspector swaggers bringing forward last suspect
brings,link,1,20260716-23A,I’m thinking black fury brings offence
broken by,insertion,1,20260713-21D,Spirit of good admin worker broken by criticism
brushing aside,deletion,1,20260703-16A,Witch-hunt brushing aside quiet advocate
buries,insertion,1,20260701-6D,Unsound victory buries Liberal prime minister
burst,anagram,1,20260717-11A,Land excellent jab striking face of boxer in brazen burst
bustling,anagram,1,20260630-7D,Couple married in bustling Soweto
carrying,insertion,1,20260706-6D,"Estimation of position that’s insensitive about country’s leader, monarch carrying on"
cast,anagram,1,20260720-3D,Selfish person one might cast in <i>Jeopardy</i>
catches,insertion,1,20260714-1D,"Confused, Glen catches a couple of zeds in appropriate place"
catches,container,1,20260716-22D,Little pet I don’t know catches a church mouse
caught by,insertion,1,20260710-23A,Drip caught by painter working secretly
centre in,selection,1,20260701-19D,Plant centre in New Guinea flourishing
change of,anagram,1,20260704-2D,Change of plan about new flag
changes,anagram,1,20260713-22A,Money manager less hesitant after rate changes
changes heart for,deletion,1,20260704-15D,Whisky changes heart for English person that’s aggressive
charged with,link,1,20260711-5A,Constant husband charged with fling remains grumpy
chunk of,hidden,1,20260702-25A,Great chunk of retirement savings withdrawn
collects,container,1,20260711-14A,"Processing unit collects university fees, assisting ministry"
concealing,insertion,1,20260703-2D,St Peter’s successor seemingly concealing maiden’s perilous location
concealing,container,1,20260711-3D,Republicans’ preferred leader now concealing identity
containing,insertion,1,20260703-12D,Protest band from US — one containing guitar
contracted,deletion,1,20260707-1D,Sibling contracted in MI6
cook,anagram,1,20260720-9D,"For luxury dining, cook baked beans first, not second"
cooking,anagram,1,20260717-25A,Plastic colanders plugged by choosy cooking academy
corrupt,anagram,1,20260707-11A,"My soul, corrupt, filled with power in divine residence"
could be,link,1,20260717-6D,House fire in US could be malicious prank
counter,reversal,1,20260717-28A,Firm searches packaging at counter
covered by,container,1,20260629-21D,Duplicate chapter covered by US school subject
covering,insertion,1,20260713-4D,Financial wizard covering a doctor’s 25 per cent cut?
cream,anagram,1,20260717-3D,Cream dairy built for long-lasting quality
crossing,insertion,1,20260707-10A,Borders crossing close to free French city
crushed by,insertion,1,20260701-20D,Rescue one that’s been crushed by digger
crux of,selection,1,20260720-20A,She predicts crux of inside line on Times
cut,hidden,1,20260718-1D,Disgraced arboretum cut down tree
cut off,deletion,1,20260710-4D,Australia cut off Japanese conductor
cut short,deletion,1,20260714-26A,Dreadful place cut short welcome
cuts,deletion,1,20260711-24A,Last minute cuts restored later
cutting back,deletion,1,20260701-26A,Grass company really cutting back parts obtained from waste
cycling round,anagram,1,20260711-12A,"Cycling round Lewis, see western one?"
damaged,anagram,1,20260707-16D,Some exudation? Cap damaged mescal bottles
defaced,deletion,1,20260701-27A,Weapons companies checking defaced equipment
denied to,deletion,1,20260704-23D,Protection thus denied to Agamemnon’s murderer
detracted from,deletion,1,20260710-26D,Nothing detracted from outstanding side of building
devised,anagram,1,20260710-18D,"Ruse, ie craft I devised"
devouring,container,1,20260707-9A,Fish devouring famous bat — suspect treachery?
digests,deletion,1,20260717-7D,Book digests just scrap source of many ideas
disappears,deletion,1,20260718-2D,What comforts party perhaps as following disappears
discharging,deletion,1,20260703-22D,Animated boy discharging bomb finally cuts what wire?
dismissing,deletion,1,20260715-8D,A long time dismissing first English doctor in confused situation may be sign of pregnancy
displaced,anagram,1,20260716-10A,Displaced area in girl’s haunches and in the waist
displays,hidden,1,20260720-11A,Piece of film art initially displays something intoxicating
ditching,deletion,1,20260630-6D,Legendary outlaw’s lover ditching male and seizing day
dons,container,1,20260630-13A,Cross dons can rapidly empty chat room
drawn in by,insertion,1,20260707-28A,Artist drawn in by enigmatic Chinese title
dreadful,anagram,1,20260710-16D,Dreadful tedium gripping last month’s host
drifting,anagram,1,20260711-9A,"Drifting mid-ocean, might one benefit from good routine?"
eating,insertion,1,20260718-3D,Shark acted horribly eating bird not flying away
eats,container,1,20260629-19D,Bill eats fruit out of English tree
edges away,deletion,1,20260716-9A,"Edges away, keeling over exhausted"
elevated,reversal,1,20260707-2D,Daft mimicry always includes elevated material
empty,deletion,1,20260717-16D,Copper led empty investigation up close
end in,selection,1,20260707-3D,Energy cuts end in catastrophe — and darkness
end of,selection,1,20260721-9D,Reveal end of world is nigh
endlessly,deletion,1,20260706-24A,Spies in constant control endlessly essential
enigmatic,anagram,1,20260707-28A,Artist drawn in by enigmatic Chinese title
enthralling,container,1,20260715-14A,"Eliminates our team, enthralling billions in big defeat"
essentially,selection,1,20260701-17D,"Test 1960s car model — very old Mercedes, essentially"
exchanging,deletion,1,20260720-14A,"Catch without licence, exchanging penny for river fish"
expelling content,deletion,1,20260707-19A,Tool secures device expelling content behind washer
exposed,deletion,1,20260701-18A,Table designer’s almost repaired exposed tube
extracted from,hidden,1,20260720-15A,Collection extracted from soil of tropics to the west
face of,selection,1,20260717-11A,Land excellent jab striking face of boxer in brazen burst
failing to finish,deletion,1,20260629-16D,An international compiler failing to finish drink
fancy,anagram,1,20260630-19A,"Once rich, fancy a Rolls Royce"
fantastic,anagram,1,20260714-4D,Co-star crediting fantastic person who hired her?
featuring in,hidden,1,20260713-24A,"Series of coordinated steps featuring in appraisals, annoyingly"
fighting,anagram,1,20260630-26A,Frequent fighting in seaport
fills,insertion,1,20260702-9A,Extra time fills fraction of device’s memory
finish off,selection,1,20260629-3D,Finish off drug propping up party animal
first to leave,deletion,1,20260707-21D,Those without residence first to leave Martian moon
firstly,selection,1,20260703-10A,One who’s fetching display firstly selects the frames
flanking,container,1,20260701-1D,Building problem — slope flanking siding unstable
fleeing from,deletion,1,20260630-10A,"Soldiers left Lima, fleeing from floozy"
flourishing,anagram,1,20260701-19D,Plant centre in New Guinea flourishing
focus of,selection,1,20260701-25A,Safe place to receive focus of attention
followed by,link,1,20260706-22A,Piety in turn followed by rows between daughter and son
following,link,1,20260714-25A,Order policeman to leave mate following cigarette
for ears,homophone,1,20260720-2D,Beastly noise — provide barrier for ears
for resolution,anagram,1,20260716-20A,"Powerful expression being cut back, aim only for resolution"
for the most part,deletion,1,20260715-22D,Divert item required for the most part in A&E
fragments,anagram,1,20260718-4D,Tune’s fragments not yet composed
frames,container,1,20260703-10A,One who’s fetching display firstly selects the frames
framing,container,1,20260720-1A,Action-led shot framing Coppola’s first western
fresh,anagram,1,20260629-12D,Where to keep good clarets fresh?
from,link,1,20260710-1D,Shy away from Florida island
from just after its inception,deletion,1,20260713-17A,Sport thriving from just after its inception
generates,link,1,20260701-1A,"At last, floor space charge generates profit"
getting case dismissed,deletion,1,20260711-5D,"Honesty positively helpful with jury, getting case dismissed"
getting left for,deletion,1,20260704-17D,Cannot stand getting left for the day singing
getting on top,link,1,20260706-7D,"Seed, one ending in final, fast getting on top"
getting through,insertion,1,20260716-27A,One giving name getting through entrance
getting up,reversal,1,20260630-2D,Wind getting up in film of the ocean
given by,link,1,20260715-1D,Heat and rain to west vaguely given by meteorological device
given by spooner?,homophone,1,20260711-13D,"Eg “One giant leap”, its location given by Spooner?"
going after,link,1,20260703-22A,Bury doctor going after mentor stripped of title
going into,insertion,1,20260706-26A,"Decline, for example, going into retreat ending in terrible cost"
got up!,reversal,1,20260720-19D,Parrot got up — everyone got up!
grasping,insertion,1,20260704-22A,Who works hard other than grasping Liberal club
grasping,container,1,20260715-13D,Financial activity pre-empting any return from grasping nobleman
gripped by,insertion,1,20260707-20A,Husband gripped by depression no longer able to function
gripping,container,1,20260710-16D,Dreadful tedium gripping last month’s host
half of,selection,1,20260718-24D,Half of fish can be bleak in Chesapeake Bay
half of each,selection,1,20260716-5A,"Spender rarely missed beer, half of each"
has had a change of heart,link,1,20260718-6A,Conclude Dawn has had a change of heart
having lost coat,deletion,1,20260717-4D,Dressing’s a fiddle having lost coat
having no,deletion,1,20260715-26A,Visitors from university presumably having no time for reasonable supposition
having received,insertion,1,20260721-7D,"Sacred text I had translated, having received bursary?"
having secured,insertion,1,20260713-2D,"Airline finally can advance, having secured one place for aircraft"
having wrapped,container,1,20260716-16D,"Dispatch salad plant, having wrapped it"
headed,deletion,1,20260713-5D,Reluctant explorers headed east
heading for,selection,1,20260702-24A,"Carefree on leaving show, one of seven heading for better parts"
heading off,selection,1,20260711-8D,"When upset go to bed, heading off extremely gloomy"
heeding limits,hidden,1,20260711-6D,"Take cover from sun’s heat, heeding limits"
hiked up,reversal,1,20260717-1D,Parties of amateur mapmakers hiked up sierra
holding,container,1,20260706-23D,Storehouse in spot holding record
hosting,container,1,20260721-22A,Canadian city before long hosting a card game
hosts,container,1,20260720-12A,Plug in hosts connected to revolutionary network: cause of power surge?
housing,container,1,20260721-27A,"Home, comfortable one housing organ, seriously!"
idiomatically,homophone,1,20260710-18A,"Sucker pronounced not entirely safe, idiomatically"
ignoring,deletion,1,20260710-6D,Order having the benefit of ignoring leaders of youth groups
in,container,1,20260629-14A,Injure supporter in capital relocating northern star
in front of,link,1,20260717-13A,Spot wife in front of buffet
in middle of,selection,1,20260702-13D,"Couple in middle of Gretna wearing wreathes, madly in love"
in need of,link,1,20260702-2D,Still in need of a poet laureate?
in need of opening,deletion,1,20260702-18A,"Singer, in need of opening, rehearsed new moves"
in part,hidden,1,20260629-11A,"Relief is calculated, in part, based on tax revenues?"
in speech,homophone,1,20260706-1A,Locate vision in speech
in the auditorium,homophone,1,20260702-21D,Advantage of a screen in the auditorium
in the earliest stages,selection,1,20260702-15A,Stomach pains pass if caught in the earliest stages
in the middle of,selection,1,20260713-3D,Large grounds are located all in the middle of the country
in the wars,anagram,1,20260704-5D,Rebellion envelops Tatars in the wars
in turn,reversal,1,20260716-1A,Ranting crowd in turn succeeded breaking into club
includes,insertion,1,20260707-2D,Daft mimicry always includes elevated material
initially ignored,deletion,1,20260714-14A,Residue from parties initially ignored
injected in,insertion,1,20260703-26A,"Hard drug injected in wound made good, at last?"
inside,insertion,1,20260713-23D,"Smoke starts to intoxicate gamblers inside saloon, perhaps"
interrupting,insertion,1,20260703-14D,Fabulous man with cape interrupting functions
introduced to,insertion,1,20260630-1A,Where policeman’s first introduced to truncheon work?
introducing,insertion,1,20260720-18D,"Thanks boyfriend, introducing beginning of love scene"
involves,insertion,1,20260701-4A,Vulgar scheme involves English bishop that is retiring
involving,insertion,1,20260706-3A,"Almost admit, on reflection, act involving bad misdemeanour"
irregular,anagram,1,20260720-28A,Irregular guards carry golf bags without clubs for rich older guy
is,link,1,20260703-23A,"Work is due, dream life’s ruined"
is gained by,insertion,1,20260716-14D,Nothing is gained by hanging about and sucking up
is to display,hidden,1,20260714-10A,Prize task is to display the sixth brightest star
keeps,container,1,20260720-21A,Secretary bird keeps losing a lot of eggs
last of,selection,1,20260718-12A,Fantasise removing last of bed sheets
last to,selection,1,20260629-17A,Quiet old Conservative Big Beast last to speak in vibrant tone
leader,selection,1,20260706-6D,"Estimation of position that’s insensitive about country’s leader, monarch carrying on"
leader in,selection,1,20260715-9A,Lot of surprise about leader in tournament table
leader of,selection,1,20260703-3D,"Begrudge supporting old leader of mafia shot here, there and everywhere"
leaders of,selection,1,20260710-6D,Order having the benefit of ignoring leaders of youth groups
limits to,selection,1,20260715-5D,Limits to Universal blocking movie award regarding kissing
lines,insertion,1,20260701-14A,Psalmist prepared seventeenth-century bible lines
linked to,link,1,20260706-20D,Odds linked to place on ladder jumped
lisping,homophone,1,20260630-23D,Lay lisping in minimal underwear
loses,deletion,1,20260714-18D,Nation’s poet loses pound of gold
losses sustained periodically in,selection,1,20260702-8D,Losses sustained periodically in Seattle gorge
lot of,deletion,1,20260715-9A,Lot of surprise about leader in tournament table
loudly,homophone,1,20260714-19A,"In denial, slag off A & E loudly, perhaps"
madly,anagram,1,20260702-13D,"Couple in middle of Gretna wearing wreathes, madly in love"
making comeback,reversal,1,20260703-6A,"Fuss, saying instruction to boxer making comeback?"
masks,hidden,1,20260702-22D,"Typically dusty passageway, glad I took masks"
missing last,deletion,1,20260714-13D,"Setter penning Listener, although missing last piece of mechanism"
missing rear end,deletion,1,20260703-17D,Car missing rear end blocking road over a Welsh river
most of,deletion,1,20260717-2D,One’s leaving most of liquid waste in vessel
moves,anagram,1,20260702-18A,"Singer, in need of opening, rehearsed new moves"
murdered,anagram,1,20260718-13D,Sweet spirit of murdered Colm O’Neill
nasty,anagram,1,20260629-20A,"More depressed, with nasty grime covering lavatory"
needing resetting,anagram,1,20260718-11A,Fake gem and nine others needing resetting
next to,link,1,20260714-24A,"Next to empty temple, shot animals for egg cell?"
no end of,deletion,1,20260716-15A,No end of obstruction for co-operating parties
not entirely,deletion,1,20260704-14A,Not entirely well after reverse of healthy snack
novel,anagram,1,20260630-28A,Gide novel is in French and most intense
obscure,anagram,1,20260702-20A,Obscure athletes who succeeded attract most attention
on reflection,reversal,1,20260706-3A,"Almost admit, on reflection, act involving bad misdemeanour"
on return of,reversal,1,20260720-4D,De Gaulle’s veto on return of lager designed to prevent accidents
on the way up,reversal,1,20260718-22D,Former barrister’s assistant was on the way up
on top,link,1,20260721-23D,Female potentially shocking? Nothing on top!
opening,selection,1,20260706-16D,"Airy editor’s opening article, authentic"
or,link,1,20260710-25A,Single or plural pronoun in conjunction for Germans
orator’s,homophone,1,20260706-13A,Put up orator’s level
ordered,anagram,1,20260629-5D,One potted starter of lemon sorbet ordered
otherwise,anagram,1,20260706-17D,"It’s drunk, otherwise it’s eaten"
out,deletion,1,20260718-14A,Suspicion of hot meal that’s left out
out of,deletion,1,20260629-19D,Bill eats fruit out of English tree
over,reversal,1,20260713-16D,Cats maybe cross over threshold?
overcomes,container,1,20260711-21D,Bottle still spinning overcomes resistance
overseeing,link,1,20260701-2D,Cheer TV doctor overseeing surgical procedure
packaging,container,1,20260717-28A,Firm searches packaging at counter
partly,hidden,1,20260701-22D,Partly explain remark legally directed against property
past,link,1,20260702-7D,Miss Cambridge University’s past love
patrolling,insertion,1,20260714-11A,"Ignorant, like many police officers patrolling centre of Swansea"
penned by,container,1,20260629-26A,Clumsy article penned by dad — check working
penned by,insertion,1,20260715-12A,Clever book penned by Porter?
penning,insertion,1,20260714-13D,"Setter penning Listener, although missing last piece of mechanism"
picked up,homophone,1,20260717-26D,Picked up delivery of half-dozen eggs
piece of,hidden,1,20260720-11A,Piece of film art initially displays something intoxicating
pinching,insertion,1,20260703-8D,"Since pinching copy, regret mounts up"
plastic,anagram,1,20260717-25A,Plastic colanders plugged by choosy cooking academy
played,anagram,1,20260630-14D,Played other tune to that
plays,anagram,1,20260704-10A,Lift your gaze up as Verdi plays
plugged by,insertion,1,20260717-25A,Plastic colanders plugged by choosy cooking academy
processed,anagram,1,20260704-27A,Nobelium is processed by key plant
pronounced,homophone,1,20260710-18A,"Sucker pronounced not entirely safe, idiomatically"
propped up,reversal,1,20260717-20D,Wood slab propped up in hearthside glow
propping up,link,1,20260629-3D,Finish off drug propping up party animal
protected by,container,1,20260701-15D,City in which you must be protected by vehicle insurance
protecting,container,1,20260721-5D,Place of security and love is protecting a son
provided by,link,1,20260706-14A,Superb quality in publication with good binding provided by New Church
punching,insertion,1,20260717-15A,American thoroughly beat darn punching bag
pursued by,link,1,20260706-19D,"Pursued by police, rushed off"
put round,container,1,20260718-8D,Measuring device’s safe when put round head
racing,anagram,1,20260704-9D,Misbehaving punk scooterist racing
raised,reversal,1,20260714-3D,Court raised point during judicial examination
read out,homophone,1,20260630-20D,Number of joint head of faculty read out
rear of,selection,1,20260716-21D,"In a perfect world, I mooch around rear of house"
reconstruction of,anagram,1,20260710-8D,Lanthanum used in reconstruction of Nordic warship
reduced,hidden,1,20260629-21A,Decent return FTSE domestics reduced
reduction in,deletion,1,20260715-3D,A fight to interrupt reduction in unorthodoxy in this area
reflected,reversal,1,20260711-26A,A little variation in level reflected warming at sea
reflecting,reversal,1,20260701-11A,Turner and others reflecting about what gets him going
regrouped,anagram,1,20260711-25A,Column left behind regrouped at speed
released from,deletion,1,20260707-13A,"Jack, released from harm, put into operation"
relocating,anagram,1,20260629-14A,Injure supporter in capital relocating northern star
removed at regular intervals,selection,1,20260703-7D,I get tight shorts removed at regular intervals
removing,deletion,1,20260718-12A,Fantasise removing last of bed sheets
renovated,anagram,1,20260629-7D,Place bro had renovated?
replacing,link,1,20260718-10A,Easygoing unknown replacing another in broadcast
report of,homophone,1,20260721-25D,Report of old city’s section of canal
reported,homophone,1,20260720-25A,Swinger’s gin and ecstasy tablets reported
restored,anagram,1,20260711-24A,Last minute cuts restored later
restricted by,container,1,20260721-8D,Fellows restricted by editor’s changes
retired,reversal,1,20260630-16D,Retired chap and ex-PM almost go to war
retreating,reversal,1,20260630-9A,"In Kabul, are Taliban retreating on both sides?"
return,reversal,1,20260629-21A,Decent return FTSE domestics reduced
reverse of,reversal,1,20260704-14A,Not entirely well after reverse of healthy snack
revolutionary,reversal,1,20260720-12A,Plug in hosts connected to revolutionary network: cause of power surge?
rocks,anagram,1,20260715-1A,London borough was the formal source of these rocks
rolls,reversal,1,20260711-18A,Cook makes moist rolls
round,container,1,20260702-10A,Doctor and sister starting round quietly in formal attire
round,reversal,1,20260717-21A,Performed round with King’s Singer
rounding,reversal,1,20260716-24A,Regret rounding on crowd manipulator
ruined,anagram,1,20260703-23A,"Work is due, dream life’s ruined"
running through it,insertion,1,20260714-15D,Only home with motorway running through it is extremely awe-inspiring
safeguards,hidden,1,20260703-4D,"What’s cast, forgoing other safeguards"
sample of,hidden,1,20260630-21D,Sample of paunchy presenter’s perfume
screens,link,1,20260717-18D,Small cinema complex screens not all there
secures,container,1,20260707-19A,Tool secures device expelling content behind washer
see,link,1,20260711-12A,"Cycling round Lewis, see western one?"
seen in,insertion,1,20260721-14A,Corruption of company manager’s first seen in witness statement
seizing,container,1,20260630-6D,Legendary outlaw’s lover ditching male and seizing day
sent out,anagram,1,20260713-8D,Seat assignment sent out as text?
served up,reversal,1,20260710-21D,Helping served up during pub’s spicy meal
short-tailed,deletion,1,20260717-8D,Toss back short-tailed shark
shot,anagram,1,20260720-1A,Action-led shot framing Coppola’s first western
sitting astride,container,1,20260716-13A,"Sitting astride modest conveyance hard, a few make strong impression"
some from,hidden,1,20260715-25A,Some from The Sun irritated about being occupied
some members of,hidden,1,20260721-21D,Some members of old law society upset ancient king
somewhat,hidden,1,20260710-17A,Feel embarrassed somewhat about scrap
sorted out,anagram,1,20260715-16A,Disturbance in court sorted out
source of,selection,1,20260715-1A,London borough was the formal source of these rocks
spooner’s,homophone,1,20260702-16A,Spooner’s keen for cow as grass management aid
squeezing,container,1,20260711-17D,Trouble squeezing letters in for marginal note
squirming,anagram,1,20260711-16A,"Embarrassed at poem, thus squirming"
stands for,link,1,20260710-14D,"Perhaps a blow, being all in when Louisiana stands for America"
start to,selection,1,20260714-27A,Start to suspect terrible setter’s extremely self-confident in examination
starting,anagram,1,20260702-10A,Doctor and sister starting round quietly in formal attire
starting late,deletion,1,20260704-19A,Guts of pub poets starting late
starts to,selection,1,20260713-23D,"Smoke starts to intoxicate gamblers inside saloon, perhaps"
starts with,selection,1,20260707-26D,Digital feature starts with thesis on electronics
stationed in,insertion,1,20260629-23A,Last lieutenant stationed in United India and China
stopped by,insertion,1,20260630-27A,Disgusting racket stopped by order
stores,hidden,1,20260717-24D,Shortly plan online stores
storing,container,1,20260707-1A,Second city storing rubbish in pile
striking,deletion,1,20260717-11A,Land excellent jab striking face of boxer in brazen burst
stripped of,deletion,1,20260703-22A,Bury doctor going after mentor stripped of title
struggling,anagram,1,20260711-14D,Note supplier from China struggling with post
stuck-up,reversal,1,20260717-9D,An old woman adopting stuck-up air of cultivation
stupidly,anagram,1,20260629-15D,Very old one stupidly drunk on this in ancient Rome
suffering,anagram,1,20260704-4A,I’m tops — and I’m suffering positivity?
supported by,link,1,20260715-23D,Options to be selected from pieces supported by you
supporting,link,1,20260703-3D,"Begrudge supporting old leader of mafia shot here, there and everywhere"
supports,link,1,20260629-2D,Hostile island to the north of California supports mini uprising
suppressing,container,1,20260710-13A,"Set fuel to burn, suppressing naked anger"
surface of,selection,1,20260717-5A,Orbiter linked to Mars rovers on surface of planet
surrounding,selection,1,20260711-2D,Draw line between Florence and those surrounding settlements
swapping,link,1,20260711-4D,Very friendly con swapping sides for rematch
swirling,reversal,1,20260715-17A,Last of smoke swirling around secure kitchen appliance
swirling,anagram,1,20260715-21A,Punishment area today finally covered in swirling raindrops
tail removed,deletion,1,20260707-27A,Tail removed from fish in barrel
taken aback,reversal,1,20260702-3A,"Taken aback, coughed up Chinese university society fine"
taken by,insertion,1,20260713-12A,Control of retinue taken by others
taken by,container,1,20260720-22D,Collect degree taken by dimwit
terribly,anagram,1,20260707-14D,Hesitant centaur terribly popular
that has no ending,deletion,1,20260721-1A,"Minister, old man with tale that has no ending"
to avoid,deletion,1,20260702-27A,Move segment of flight to avoid America
to be new,anagram,1,20260718-21A,Creative work? Hard in fact to be new
to contain,container,1,20260715-19D,"Want expert to contain agricultural disease, note"
to control,container,1,20260721-11A,Learning to control current in river
to eat,container,1,20260716-3D,Time to eat a very succulent growth
to enter,insertion,1,20260629-22A,I’m obliged to enter swanky compound
to go in,insertion,1,20260716-11A,First person to go in to admire brown study
to interrupt,insertion,1,20260715-3D,A fight to interrupt reduction in unorthodoxy in this area
to leave,deletion,1,20260714-25A,Order policeman to leave mate following cigarette
to replace,link,1,20260707-18D,"Uncouth, rather rowdy: time to replace Democrat"
to secure,container,1,20260702-5D,Extra payment put up to secure very large venture
to the west,reversal,1,20260720-15A,Collection extracted from soil of tropics to the west
to track,link,1,20260710-29A,Harder to track each person in a rightish district?
topless,deletion,1,20260714-21D,Outlet for one topless outfit
touring,container,1,20260629-10A,Onset of ardent romance when touring Cape Bay
touring,insertion,1,20260713-20D,Visitor to Oz touring river close to city
transferring,anagram,1,20260715-11A,Chap’s instrument transferring current in Caribbean island
translated,anagram,1,20260721-7D,"Sacred text I had translated, having received bursary?"
travelling,anagram,1,20260713-25A,Father travelling again to region of South America
trifling,anagram,1,20260703-20D,"Greeting from Satan, trifling with me"
tucked into,insertion,1,20260707-25A,Renegade wife tucked into ruptured sausage
turned out to be,link,1,20260630-24D,Extremely “biddable” nationalist turned out to be corrupt
turning up,reversal,1,20260721-1D,Friar turning up in various plays — musical contribution to worship
turns to,deletion,1,20260704-6D,One admitted being restless as month turns to November
twisted,reversal,1,20260701-20A,"Remained twisted, tense and obscene"
two thirds of,deletion,1,20260710-5D,Estate possibly blocking two thirds of Midland city upset intimidating figure in his field?
uncovered,deletion,1,20260701-5D,Uncovered definitive sweet or savoury drink
under,link,1,20260701-9D,Made anxious under previous religious office
underpinned by,link,1,20260704-18D,Tree underpinned by serious immediate treatment
unlimited,deletion,1,20260701-21A,Brief stint to improve football club before unlimited team growth
unstable,anagram,1,20260701-1D,Building problem — slope flanking siding unstable
unusual,anagram,1,20260706-15D,"Not even unusual urge stops terrible liar, traitor ultimately"
unusually,anagram,1,20260702-11D,Unusually tall iceberg a geographical phenomenon
upcoming,reversal,1,20260707-7D,Article: story upcoming beat journalist turned away
uprising,reversal,1,20260629-2D,Hostile island to the north of California supports mini uprising
used in,insertion,1,20260710-8D,Lanthanum used in reconstruction of Nordic warship
used in,link,1,20260714-2D,Language once used in a northern boxing match
vaguely,anagram,1,20260715-1D,Heat and rain to west vaguely given by meteorological device
various,anagram,1,20260721-1D,Friar turning up in various plays — musical contribution to worship
vocal,homophone,1,20260710-24D,These are very desirable vocal sounds
wandering,anagram,1,20260716-6D,"Aimless wandering, concerned with earthquake"
wanting,deletion,1,20260706-10D,"Crafty chap, evil animal, badly wanting power"
wearing,container,1,20260702-13D,"Couple in middle of Gretna wearing wreathes, madly in love"
wearing,insertion,1,20260717-27A,Like to enter clubs wearing golf jacket
wears,container,1,20260629-18D,"US writer, dear, popular, regularly wears silk"
when,link,1,20260710-14D,"Perhaps a blow, being all in when Louisiana stands for America"
will be,link,1,20260710-1A,"Abandoned, of course I will be wild"
with input from,insertion,1,20260711-15D,Trace family’s heir with input from American detective
with tail missing,deletion,1,20260720-26A,Creature caught in coastal waters — throw back with tail missing
withdrawn,reversal,1,20260702-25A,Great chunk of retirement savings withdrawn
without beginning on it,deletion,1,20260704-20A,Considering grid without beginning on it
worried,anagram,1,20260706-11A,Opposing commander isn’t worried
yielding,deletion,1,20260706-4D,Guarantee yielding right result
–,deletion,1,20260718-27A,N + L – F? Neat
