letters,times_seen,distinct_words,words_that_give_it
I,30,11,"one (12), i (5), current (4), india (2), island (1), international (1), if (1), author (1), one’s (1), in (1), 1 (1)"
E,26,17,"english (7), energy (3), european (2), space (1), new (1), non-negotiable (1), enemies (1), drug (1), enterprise (1), earl (1), extremely (1), east (1)"
A,24,13,"a (7), area (4), american (3), onset of ardent (1), america (1), note (1), article (1), affect (1), an (1), ace (1), rebecca (1), appearance (1)"
C,21,12,"cold (4), caught (3), cape (2), conservative (2), constant (2), clubs (2), chapter (1), key (1), about (1), 100 (1), isaac (1), cup (1)"
L,19,8,"left (6), liberal (5), large (2), line (2), lima (1), litre (1), pound (1), love (1)"
N,19,11,"new (6), name (3), northern (2), noon (1), attention (1), november (1), note (1), n (1), depression (1), inspection (1), monty (1)"
M,18,13,"male (3), motorway (3), maiden (2), married (1), mafia (1), man (1), month (1), bond (1), mass (1), miles (1), mike (1), manager’s (1)"
O,18,8,"nothing (5), old (4), love (3), duck (2), oxygenated (1), over (1), 0 (1), occupation (1)"
B,17,10,"book (6), billions (2), british (2), bishop (1), better (1), bomb (1), black (1), face of boxer (1), breeches (1), bachelor (1)"
R,17,11,"republican (3), river (3), right (3), rivers (1), floor (1), reading perhaps (1), run (1), resistance (1), choir’s (1), bear’s back (1), king (1)"
S,16,11,"small (3), succeeded (2), son (2), second (2), society (1), selects (1), singleton (1), southern (1), sierra (1), of (1), medals (1)"
T,15,12,"time (4), tense (1), terrible (1), the (1), trump (1), to (1), tesla (1), these (1), tournament (1), temperature (1), limit (1), theory (1)"
D,12,7,"democrat (4), day (3), the day (1), daughter (1), world (1), sunbed (1), 500 (1)"
IN,9,4,"popular (3), home (3), in (2), to enter (1)"
G,8,6,"grand (2), good (2), finish off drug (1), goose’s (1), greek (1), golf (1)"
H,8,5,"husband (3), hard (2), aspiration (1), him (1), hot (1)"
P,8,5,"power (4), quiet (1), pence (1), surface of planet (1), penny (1)"
W,8,4,"wife (5), with (1), western (1), week (1)"
TA,7,7,"i’m obliged (1), terriers (1), cheers (1), <i>cheers</i> (1), you shouldn’t have (1), thanks (1), much appreciated (1)"
U,7,4,"you (3), university (2), united (1), uniform (1)"
Y,7,7,"tenancy (1), years (1), today (1), year (1), another (1), decay (1), employ (1)"
F,6,4,"female (3), f (1), following (1), loud (1)"
PA,6,5,"old man (2), assistant (1), father (1), admin worker (1), secretary (1)"
AN,5,2,"article (3), an (2)"
AS,5,4,"when (2), since (1), while (1), like (1)"
IS,5,3,"is (3), remains (1), lives (1)"
LIE,5,3,"story (3), untruth (1), deliberate inaccuracy (1)"
ON,5,3,"on (2), working (2), showing (1)"
RE,5,3,"about (2), on (2), connected to (1)"
CAR,4,4,"estate possibly (1), saloon, perhaps (1), vehicle (1), being driven (1)"
CO,3,1,company (3)
DR,3,1,doctor (3)
EG,3,3,"say (1), for example (1), for one (1)"
EX,3,3,"harry (1), old (1), former partner (1)"
LA,3,3,"lanthanum (1), louisiana (1), los angeles (1)"
LOO,3,3,"lavatory (1), can (1), room with throne (1)"
MAN,3,3,"crew (1), fellow (1), male (1)"
MY,3,3,"my (1), gracious (1), crumbs! (1)"
ONE,3,3,"one (1), somebody (1), a certain (1)"
OR,3,3,"men (1), as an alternative (1), soldiers (1)"
OS,3,3,"very large (1), mapmakers (1), very big (1)"
OUT,3,3,"unfashionable (1), light (1), exposed (1)"
PLAN,3,3,"scheme (1), advance (1), diagram (1)"
SH,3,3,"quiet (1), quietly (1), can it (1)"
SS,3,3,"steamship (1), settlements (1), ship (1)"
ST,3,3,"street (1), stone (1), extremely self-confident (1)"
THE,3,3,"the (1), article (1), particular (1)"
US,3,3,"america (1), american (1), our team (1)"
V,3,2,"very (2), verse (1)"
VERY,3,3,"really (1), jolly (1), so (1)"
WIN,3,2,"victory (2), secure (1)"
ACE,2,2,"superb (1), expert (1)"
AD,2,2,"bill (1), plug (1)"
AE,2,2,"raves (1), a&e (1)"
AND,2,1,with (2)
ARK,2,2,"large vessel (1), where couples survived (1)"
ATE,2,2,"made anxious (1), consumed (1)"
AY,2,2,"always (1), agreed (1)"
BAD,2,2,"unsound (1), corrupt (1)"
BARE,2,2,"nude (1), plain (1)"
BOUT,2,2,"stint (1), fight (1)"
CAN,2,2,"toilet (1), is able to (1)"
CASE,2,2,"lawsuit (1), investigation (1)"
CE,2,2,"mercedes (1), church (1)"
CON,2,2,"trick (1), fleece (1)"
CONE,2,2,"3d figure (1), solid shape (1)"
CROSS,2,2,"bridge (1), angry (1)"
CRY,2,2,"call out (1), scream (1)"
DATE,2,2,"fruit (1), see (1)"
DIS,2,2,"knock (1), slag off (1)"
DO,2,2,"party (1), act (1)"
EA,2,2,"team (1), each (1)"
EAR,2,2,"listener (1), organ (1)"
ED,2,2,"journalist (1), paper boss (1)"
ER,2,2,"beer (1), i don’t know (1)"
ERE,2,1,before (2)
EST,2,2,"is in french (1), extremely (1)"
FIR,2,2,"tree (1), wood (1)"
FLAT,2,2,"two-dimensional (1), domestic residence (1)"
GA,2,1,georgia (2)
GAME,2,2,"valiant (1), shot animals (1)"
GO,2,2,"work (1), turn (1)"
GREEN,2,2,"space (1), that one’s left (1)"
HOME,2,1,in (2)
IF,2,1,provided (2)
INN,2,1,pub (2)
IT,2,2,"relations (1), it (1)"
K,2,2,"kelvin (1), king (1)"
LIP,2,2,"cheek (1), edge (1)"
LOB,2,1,throw (2)
MA,2,2,"mum (1), degree (1)"
MAG,2,2,"publication (1), comic perhaps (1)"
MEN,2,2,"pieces (1), fellows (1)"
MESS,2,2,"muddle (1), confused situation (1)"
MO,2,2,"maureen (1), way of working (1)"
MOB,2,2,"criminal gang (1), crowd (1)"
MUST,2,2,"item required (1), has to (1)"
NEST,2,2,"home (1), comfortable one (1)"
OM,2,2,"order (1), order of merit (1)"
OP,2,2,"work (1), surgical procedure (1)"
OVER,2,2,"again (1), delivery of half-dozen (1)"
PAGE,2,2,"part of book (1), contact (1)"
PAT,2,2,"stroke (1), bit of butter (1)"
PI,2,2,"holy (1), detective (1)"
PIC,2,2,"film (1), photo (1)"
POST,2,2,"following (1), letters (1)"
RA,2,2,"academician (1), artist (1)"
RAN,2,2,"rushed (1), performed (1)"
RATE,2,2,"cost (1), judges (1)"
REM,2,2,"us band (1), band from us (1)"
REP,2,2,"material (1), theatre (1)"
REV,2,2,"vicar (1), minister (1)"
ROCK,2,2,"stone (1), kind of music (1)"
ROSE,2,2,"climbed (1), got up (1)"
RUE,2,1,regret (2)
RULE,2,2,"control (1), law (1)"
STAR,2,2,"celebrity (1), famous (1)"
STERN,2,1,back (2)
UM,2,2,"er … (1), i’m thinking (1)"
WAR,2,1,conflict (2)
WARD,2,2,"charge (1), child looked after (1)"
X,2,2,"by (1), unknown (1)"
A VEIL,1,1,a screen (1)
A1,1,1,excellent (1)
ACCEPT,1,1,admit (1)
ACHE,1,1,hurt (1)
ACHT,1,1,crew (1)
ACING,1,1,pre-empting any return (1)
ADVENT,1,1,coming (1)
AEGISTHUS,1,1,agamemnon’s murderer (1)
AGA,1,1,commander (1)
AGE,1,1,time (1)
AGES,1,1,historical times (1)
AID,1,1,helping (1)
AIL,1,1,trouble (1)
AIR,1,1,air (1)
AKA,1,1,sometimes called (1)
ALARM,1,1,surprise (1)
ALE,1,1,porter (1)
ALL,1,1,everyone (1)
ALLEY,1,1,narrow path (1)
AM,1,1,in the morning (1)
AMI,1,1,friend (1)
AMPLE,1,1,very spacious (1)
AMPS,1,1,current unit (1)
ANAL,1,1,obsessive (1)
ANGST,1,1,anxiety (1)
ANNAL,1,1,record (1)
ANON,1,1,shortly (1)
ANT,1,1,insect (1)
ANTI,1,1,critical of (1)
APE,1,1,imitate (1)
AR,1,1,park (1)
ARC,1,1,bow (1)
ARCH,1,1,curved structure (1)
ARD,1,1,'eavily (1)
ARIA,1,1,air (1)
ARM,1,1,guns (1)
AS PER,1,1,according to (1)
ASH,1,1,wood (1)
ASS,1,1,dimwit (1)
ATOMIC,1,1,smallest thing (1)
ATTLEE,1,1,ex-pm (1)
AURI,1,1,golden (1)
AV,1,1,seventeenth-century bible (1)
AVERS,1,1,states (1)
AVOWAL,1,1,a & e (1)
AWAY,1,1,cut off (1)
AX,1,1,fire (1)
BACKED,1,1,supported (1)
BARDS,1,1,poets (1)
BART,1,1,animated boy (1)
BASE,1,1,low (1)
BASHES,1,1,parties (1)
BAT,1,1,club (1)
BE,1,1,live (1)
BEAU,1,1,boyfriend (1)
BED,1,1,appropriate place (1)
BERATE,1,1,carpet (1)
BESTIE,1,1,closest associate (1)
BIND,1,1,difficulty (1)
BIT,1,1,tool (1)
BLACK,1,1,grim (1)
BLOCK,1,1,obstruction (1)
BOD,1,1,chap (1)
BOUND,1,1,leap (1)
BOWER,1,1,grotto (1)
BOY,1,1,my (1)
BRA,1,1,supporter (1)
BRASS,1,1,money (1)
BREAK,1,1,holiday (1)
BRIEF,1,1,limited (1)
BRIO,1,1,dash (1)
BSE,1,1,agricultural disease (1)
BURST,1,1,ruptured (1)
BUT,1,1,save (1)
BUY,1,1,acquisition (1)
BY,1,1,times (1)
BYE,1,1,extra (1)
CADDY,1,1,carry golf bags (1)
CAL,1,1,california (1)
CANDO,1,1,positively helpful (1)
CANE,1,1,punish (1)
CANT ABIDE,1,1,cannot stand (1)
CAP,1,1,top (1)
CASCADE,1,1,fall (1)
CASHIER,1,1,handler of money (1)
CATER,1,1,provide (1)
CAVERS,1,1,explorers (1)
CC,1,1,copy (1)
CELERY,1,1,salad plant (1)
CELL,1,1,basic unit (1)
CH,1,1,church (1)
CHA,1,1,tea (1)
CHAR,1,1,cleaner (1)
CHIEF,1,1,management (1)
CHIP,1,1,processing unit (1)
CIA,1,1,spies (1)
CIC,1,1,commander-in-chief (1)
CID,1,1,police (1)
CILLA,1,1,say black (1)
CL,1,1,chlorine (1)
CLASSIC,1,1,definitive (1)
CLIPS,1,1,cuts (1)
CLOSE,1,1,nigh (1)
CLUB,1,1,possible putter (1)
COAL,1,1,fuel to burn (1)
CODE,1,1,key (1)
COL,1,1,pass (1)
COMA,1,1,state of unconsciousness (1)
COME,1,1,move towards (1)
CONSUME,1,1,eat (1)
COP,1,1,policeman (1)
COPULATE,1,1,mate (1)
CORE,1,1,part of apple (1)
COSH,1,1,truncheon (1)
COSTAR,1,1,top player (1)
COUNT,1,1,nobleman (1)
COUNTER,1,1,token (1)
COVER,1,1,insurance (1)
CRACKER,1,1,peach (1)
CRAM,1,1,stuff (1)
CROW,1,1,bragging (1)
CRU,1,1,vineyard’s (1)
CU,1,1,copper (1)
CUB,1,1,youngster (1)
CURVE,1,1,bend (1)
CUT,1,1,cross (1)
CY,1,1,extremely crafty (1)
DALE,1,1,glen (1)
DALLY,1,1,mooch (1)
DANGER,1,1,jeopardy (1)
DATUM,1,1,fact (1)
DE,1,1,device (1)
DEAD,1,1,insensitive (1)
DEAN,1,1,academic (1)
DEEP,1,1,profound (1)
DEFERENCE,1,1,respect (1)
DELIBERATE,1,1,intended (1)
DELVER,1,1,digger (1)
DEMO,1,1,show (1)
DEN,1,1,retreat (1)
DEPOSITION,1,1,witness statement (1)
DESIGN,1,1,plan (1)
DET,1,1,investigator (1)
DI,1,1,inspector (1)
DIAL,1,1,key in (1)
DID,1,1,prepared (1)
DINED,1,1,has eaten (1)
DOM,1,1,friar (1)
DOME,1,1,head (1)
DOOR,1,1,entrance (1)
DOT,1,1,spot (1)
DREAM,1,1,fantasise (1)
DRESS,1,1,outfit (1)
DRIVER,1,1,club (1)
DROIT,1,1,right (1)
DRY,1,1,needing water (1)
DUMBER,1,1,less wise (1)
DY,1,1,display (1)
EACH,1,1,per person (1)
EDS,1,1,editor’s (1)
EDUCATED,1,1,university (1)
EH,1,1,what (1)
ELDER,1,1,senior adviser (1)
ELY,1,1,city (1)
EMIN,1,1,artist (1)
EMIT,1,1,let out (1)
END,1,1,object (1)
ENSURE,1,1,guarantee (1)
ENT,1,1,hospital department (1)
EP,1,1,record (1)
ERR,1,1,make a mistake (1)
ERRED,1,1,made a mistake (1)
ESP,1,1,psychic ability (1)
ET,1,1,gretna (1)
ETAL,1,1,and others (1)
ETCHER,1,1,printmaker (1)
ETERNITY,1,1,long time (1)
ETON,1,1,school (1)
EU,1,1,european union (1)
EVEN,1,1,still (1)
EXCEPT,1,1,bar (1)
EXE,1,1,river (1)
EXHAUSTION,1,1,all in (1)
EXPO,1,1,display (1)
FALLING,1,1,keeling over (1)
FAN,1,1,supporter (1)
FARROW,1,1,litter (1)
FAST,1,1,have nothing (1)
FAT,1,1,chubby (1)
FELL,1,1,dropped (1)
FIB,1,1,lie (1)
FIFTY,1,1,l (1)
FIGHT,1,1,battle (1)
FINE,1,1,well (1)
FIREWATER,1,1,whisky (1)
FIRMS,1,1,companies (1)
FIT,1,1,healthy (1)
FL,1,1,florida (1)
FLO,1,1,florence (1)
FLY,1,1,race (1)
FOR,1,1,supporting (1)
FUNCTION,1,1,party perhaps (1)
GAIN,1,1,improve (1)
GALA,1,1,party (1)
GALE,1,1,wind (1)
GAM,1,1,school (1)
GEAR,1,1,equipment (1)
GEL,1,1,setter (1)
GEN,1,1,information (1)
GENT,1,1,man (1)
GOT,1,1,understood (1)
GRAB,1,1,snatch (1)
GRAMMY,1,1,music award (1)
GRAN,1,1,old woman (1)
GRANGE,1,1,country house (1)
GRANT,1,1,bursary (1)
GRATING,1,1,grid (1)
GRAVELLY,1,1,hoarse (1)
GRAYLING,1,1,fish (1)
GRIM,1,1,resolute (1)
GRIME,1,1,smut (1)
GROW UP,1,1,mature (1)
GROWING,1,1,thriving (1)
GUESTS,1,1,visitors (1)
GUM,1,1,glue (1)
HAGGISH,1,1,like <i>wyrd sister</i>’s (1)
HALF,1,1,not entirely (1)
HAMMED,1,1,acted horribly (1)
HAN,1,1,chinese (1)
HANDER,1,1,her (1)
HANG,1,1,string up (1)
HAPPY,1,1,one of seven (1)
HAVE,1,1,receive (1)
HE,1,1,male (1)
HEATED,1,1,warm (1)
HEDGES,1,1,dodges (1)
HELL,1,1,darn (1)
HELLO,1,1,welcome (1)
HERE,1,1,now (1)
HERESY,1,1,unorthodoxy (1)
HEW,1,1,cut (1)
HID,1,1,safe (1)
HIPS,1,1,haunches (1)
HIRE,1,1,charter (1)
HIS,1,1,chap’s (1)
HIT,1,1,buffet (1)
HO,1,1,house (1)
HOBOS,1,1,rovers (1)
HONDA,1,1,car (1)
HOT,1,1,in (1)
HOUSE,1,1,line (1)
HOVERING,1,1,hanging about (1)
HURL,1,1,fling (1)
ICON,1,1,computer image (1)
ID,1,1,identity (1)
IE,1,1,that is (1)
II,1,1,two (1)
ILIUM,1,1,old city (1)
ILL,1,1,bad (1)
ILLS,1,1,troubles (1)
IM,1,1,setter’s (1)
IMPATIENT,1,1,being restless (1)
INCH,1,1,island (1)
INJURE,1,1,harm (1)
IR,1,1,irish (1)
IRA,1,1,irish-american (1)
ISH,1,1,somewhat (1)
IV,1,1,drip (1)
IVE,1,1,writer’s (1)
J,1,1,jack (1)
JOB,1,1,patriarch (1)
KC,1,1,silk (1)
KIN,1,1,family (1)
KING,1,1,monarch (1)
KINGPIN,1,1,big beast (1)
KISS,1,1,touch barely registered (1)
LAG,1,1,delay (1)
LAIC,1,1,amateur (1)
LAMB,1,1,meat (1)
LAN,1,1,network (1)
LANDS,1,1,wins (1)
LAPSE,1,1,failing (1)
LARA,1,1,famous bat (1)
LAST,1,1,losing (1)
LAUREATE,1,1,nation’s poet (1)
LAW,1,1,legislation (1)
LD,1,1,led (1)
LED,1,1,managed (1)
LEFT,1,1,abandoned (1)
LEG,1,1,stage (1)
LEMON,1,1,fruit (1)
LENDER,1,1,bank possibly (1)
LENT,1,1,fast (1)
LEO,1,1,sign (1)
LESS,1,1,bar (1)
LET,1,1,hired (1)
LEVIS,1,1,casual garment (1)
LEWD,1,1,obscene (1)
LEWIS,1,1,lewis (1)
LIED,1,1,song (1)
LIGHT,1,1,fair (1)
LINES,1,1,rows (1)
LING,1,1,fish (1)
LIST,1,1,roster (1)
LIT,1,1,drunk (1)
LIVE,1,1,potentially shocking (1)
LIVED,1,1,was (1)
LIVER,1,1,meat (1)
LO,1,1,look (1)
LOGO,1,1,brand (1)
LONDON,1,1,capital (1)
LOP,1,1,cut (1)
LORD,1,1,my (1)
LORE,1,1,learning (1)
LOUDISH,1,1,rather rowdy (1)
LOURS,1,1,scowls (1)
LOVE,1,1,romance (1)
LOWER,1,1,cow (1)
LT,1,1,lieutenant (1)
LUNCH,1,1,meal (1)
MAD,1,1,wildly enthusiastic (1)
MAID,1,1,female domestic (1)
MAIDS,1,1,girl’s (1)
MANKIND,1,1,people collectively (1)
MAR,1,1,injure (1)
MARIAN,1,1,outlaw’s lover (1)
MAS,1,1,mothers (1)
MASS,1,1,crowd (1)
MATE,1,1,china (1)
MATH,1,1,us school subject (1)
MAX,1,1,the most (1)
MB,1,1,doctor (1)
MELEE,1,1,ruckus (1)
MENDED,1,1,repaired (1)
MET,1,1,encountered (1)
MI,1,1,road (1)
MIN,1,1,minute (1)
MIS,1,1,missed (1)
MIT,1,1,cambridge university (1)
MOMENT,1,1,second (1)
MOMENTUM,1,1,labour group (1)
MONEY,1,1,bread (1)
MOONING,1,1,displaying seat (1)
MOTION,1,1,a poet laureate (1)
MOURN,1,1,keen (1)
MP,1,1,politician (1)
MR,1,1,title (1)
MULL,1,1,scottish island (1)
NA,1,1,not available (1)
NEE,1,1,once known as (1)
NGE,1,1,anger (1)
NI,1,1,in oil (1)
NICE,1,1,good (1)
NIP,1,1,shot (1)
NOISE,1,1,racket (1)
NON,1,1,de gaulle’s veto (1)
NT,1,1,conservation society (1)
NUB,1,1,point (1)
NUMBER,1,1,feeling less (1)
OCD,1,1,obsessive behaviour (1)
OF,1,1,from (1)
OFF,1,1,inaccurate (1)
OG,1,1,own goal (1)
OI,1,1,attention-seeker’s (1)
OK,1,1,fine (1)
OLD,1,1,getting on (1)
OLE,1,1,cheer of approval (1)
ONES,1,1,one’s (1)
OPERA,1,1,work (1)
ORANGE,1,1,citrus (1)
OSCAR,1,1,movie award (1)
OU,1,1,university (1)
OUTLAND,1,1,border (1)
OVERT,1,1,open (1)
OW,1,1,that’s sensitive (1)
OWING,1,1,outstanding (1)
OZ,1,1,australia (1)
PACEMAKER,1,1,beat regulator (1)
PAID,1,1,coughed up (1)
PAL,1,1,crony (1)
PAPER,1,1,daily (1)
PAR,1,1,expected score (1)
PAST,1,1,former (1)
PAWN,1,1,another man (1)
PEN,1,1,cage (1)
PERSON,1,1,individual (1)
PETER,1,1,safe (1)
PETS,1,1,cats maybe (1)
PHOBOS,1,1,martian moon (1)
PIANOLA,1,1,instrument (1)
PIECE,1,1,pistol (1)
PILS,1,1,lager (1)
PIPER,1,1,peter (1)
PIRATE,1,1,criminal (1)
PLUMBS,1,1,sounds (1)
POACH,1,1,catch without licence (1)
POINTING,1,1,mortar (1)
POP,1,1,dad (1)
POPE II,1,1,st peter’s successor (1)
POSH,1,1,swanky (1)
PRE,1,1,prior to (1)
PRESENT,1,1,now (1)
PRIOR,1,1,previous (1)
PRO,1,1,for (1)
PS,1,1,potatoes (1)
PT,1,1,training (1)
PUP,1,1,little pet (1)
PURGE,1,1,witch-hunt (1)
QUAD,1,1,vehicle (1)
QUANT,1,1,financial wizard (1)
QUERY,1,1,question (1)
QUITO,1,1,capital (1)
RACE,1,1,rush (1)
RAGE,1,1,fury (1)
RAIL,1,1,track (1)
RAIN,1,1,shower (1)
RAKE,1,1,libertine (1)
RALLY,1,1,exchange of shots (1)
RAMP,1,1,slope (1)
RANT,1,1,tirade (1)
RAP,1,1,criticism (1)
RAT,1,1,renegade (1)
RATES,1,1,fees (1)
RAVE,1,1,party (1)
RAZE,1,1,level (1)
RD,1,1,road (1)
READ,1,1,study (1)
REAL,1,1,authentic (1)
RED,1,1,bloody (1)
REED,1,1,grass (1)
REELED,1,1,wound (1)
REGULAR,1,1,serviceman (1)
RELAYED,1,1,broadcast (1)
RESENT,1,1,begrudge (1)
RESIN,1,1,"15, perhaps (1)"
REST,1,1,others (1)
RET,1,1,arrests (1)
REVERE,1,1,admire (1)
RHEA,1,1,bird not flying (1)
RICES,1,1,cereal crops (1)
RIE,1,1,arrived (1)
RIGHT,1,1,just (1)
RIGHTON,1,1,trendy (1)
RIMS,1,1,borders (1)
RN,1,1,force (1)
ROBE,1,1,dress (1)
ROI/NI,1,1,parts of ireland (1)
ROLES,1,1,functions (1)
ROLL,1,1,register (1)
ROLY,1,1,pudding (1)
ROOD,1,1,cross (1)
ROOF,1,1,building’s top (1)
ROUT,1,1,big defeat (1)
ROUTINES,1,1,acts on stage (1)
ROW,1,1,argument (1)
ROWS,1,1,arguments (1)
RUB,1,1,smooth (1)
RUM,1,1,funny (1)
RUNG,1,1,place on ladder (1)
RY,1,1,rapidly (1)
SA,1,1,south american (1)
SAC,1,1,bag (1)
SAKE,1,1,benefit (1)
SAP,1,1,trench (1)
SAS,1,1,elite fighting force (1)
SAVE,1,1,other than (1)
SAW,1,1,saying (1)
SC,1,1,namely (1)
SCAMPERS,1,1,skips about (1)
SCAR,1,1,marking (1)
SCION,1,1,family’s heir (1)
SEE,1,1,spot (1)
SELECTOR,1,1,person choosing (1)
SERVICE,1,1,employment (1)
SET,1,1,group (1)
SETTER,1,1,compiler (1)
SEVEN,1,1,7 (1)
SEW,1,1,stitch (1)
SHANT,1,1,will not (1)
SHY,1,1,toss (1)
SI,1,1,inside (1)
SIC,1,1,like that (1)
SIDE,1,1,team (1)
SIGHT,1,1,vision (1)
SIS,1,1,sibling (1)
SIT,1,1,instruction to boxer (1)
SITE,1,1,its location (1)
SITED,1,1,established in position (1)
SIX,1,1,soccer team (1)
SKAT,1,1,card game (1)
SLAY,1,1,kill (1)
SLEEVE,1,1,tube (1)
SLING,1,1,"stronger, mixed drink (1)"
SM,1,1,kinky sex (1)
SMELT,1,1,fish (1)
SOFTEN,1,1,temper (1)
SOLE,1,1,only (1)
SOME,1,1,a few (1)
SON,1,1,lad (1)
SONG,1,1,lay (1)
SOON,1,1,before long (1)
SORE,1,1,desperate (1)
SOT,1,1,drunk (1)
SP,1,1,odds (1)
SPA,1,1,cheltenham (1)
SPAR,1,1,box (1)
SPARK,1,1,scrap (1)
SPL,1,1,supply (1)
STAID,1,1,serious (1)
STAIR,1,1,segment of flight (1)
STAND,1,1,bears suffer (1)
START,1,1,to launch (1)
STERNER,1,1,harder (1)
STICK,1,1,censure (1)
STORY,1,1,tale (1)
STRAIGHT,1,1,continuous (1)
STRAT,1,1,guitar (1)
STRUTS,1,1,swaggers (1)
STY,1,1,pig-farmer (1)
SUB,1,1,deputy (1)
SUNUP,1,1,dawn (1)
SURER,1,1,less hesitant (1)
SURGE,1,1,sudden upswing (1)
SWAN,1,1,bird (1)
SWISH,1,1,fancy (1)
SWISS,1,1,national (1)
TAB,1,1,cigarette (1)
TALK,1,1,presentation (1)
TALL,1,1,elevated (1)
TAN,1,1,beat (1)
TANK,1,1,fail (1)
TAT,1,1,rubbish (1)
TE,1,1,empty temple (1)
TEAM,1,1,crew (1)
TEE,1,1,peg (1)
TEMP,1,1,model (1)
TENDER,1,1,offer (1)
TESS ELLA,1,1,two girls (1)
TEST,1,1,trial (1)
TETHER,1,1,tie (1)
THEFT,1,1,crime (1)
THIN,1,1,fine (1)
THORN,1,1,germanic character (1)
THRONG,1,1,hem in (1)
THUR,1,1,day (1)
THUS,1,1,thus (1)
TIE,1,1,restrict (1)
TILE,1,1,slab (1)
TIP,1,1,extra payment (1)
TIRE,1,1,flag (1)
TOLLER,1,1,bell-ringer (1)
TON,1,1,100 mph (1)
TOP,1,1,cap (1)
TOTO,1,1,visitor to oz (1)
TRAIN,1,1,retinue (1)
TRAM,1,1,vehicle (1)
TRANCE,1,1,electronic music (1)
TRAP,1,1,gin (1)
TRAWLS,1,1,searches (1)
TREBLING,1,1,growing substantially (1)
TRIAL,1,1,judicial examination (1)
TRICK,1,1,con (1)
TRIKE,1,1,modest conveyance (1)
TRITE,1,1,stock (1)
TROLLOP,1,1,floozy (1)
TROPHY,1,1,prize (1)
TROUGH,1,1,depression (1)
TUNA,1,1,fish (1)
TUP,1,1,mate with (1)
TURN IN,1,1,go to bed (1)
TUT,1,1,express impatience (1)
TV,1,1,the tube (1)
TWIST,1,1,bread roll (1)
TWO,1,1,as well (1)
UD,1,1,studio (1)
UGH,1,1,how unpleasant (1)
UL,1,1,universal (1)
UND,1,1,conjunction for germans (1)
UNION,1,1,marriage (1)
UNWED,1,1,25 (1)
UPPER,1,1,drug (1)
UR,1,1,jury (1)
URAL,1,1,rivers (1)
URE,1,1,river (1)
URGE,1,1,pressure (1)
URINE,1,1,liquid waste (1)
URN,1,1,vessel (1)
USED,1,1,second-hand (1)
UTTER,1,1,say (1)
VAL,1,1,valerie (1)
VAN,1,1,vehicle (1)
VAR,1,1,match official (1)
VESTA,1,1,match (1)
VILE,1,1,despicable (1)
VILLA,1,1,football club (1)
VIOLIN,1,1,fiddle (1)
VIVA,1,1,1960s car model (1)
VOL,1,1,volunteer (1)
WALL,1,1,barrier (1)
WE,1,1,plural pronoun (1)
WELL,1,1,fully (1)
WETS,1,1,makes moist (1)
WHE,1,1,although (1)
WHEE,1,1,i’m enjoying this (1)
WHO,1,1,tv doctor (1)
WORCESTER,1,1,midland city (1)
YELLING,1,1,shouting (1)
YG,1,1,youth groups (1)
YORKS,1,1,dismisses (1)
Z,1,1,variable (1)
